"STATION","NAME","DATE","MLY-CLDD-BASE45","MLY-CLDD-BASE50","MLY-CLDD-BASE55","MLY-CLDD-BASE57","MLY-CLDD-BASE60","MLY-CLDD-BASE70","MLY-CLDD-BASE72","MLY-CLDD-NORMAL","MLY-DUTR-NORMAL","MLY-DUTR-STDDEV","MLY-HTDD-BASE40","MLY-HTDD-BASE45","MLY-HTDD-BASE50","MLY-HTDD-BASE55","MLY-HTDD-BASE57","MLY-HTDD-BASE60","MLY-HTDD-NORMAL","MLY-PRCP-25PCTL","MLY-PRCP-50PCTL","MLY-PRCP-75PCTL","MLY-PRCP-AVGNDS-GE001HI","MLY-PRCP-AVGNDS-GE010HI","MLY-PRCP-AVGNDS-GE050HI","MLY-PRCP-AVGNDS-GE100HI","MLY-PRCP-NORMAL","MLY-SNOW-25PCTL","MLY-SNOW-50PCTL","MLY-SNOW-75PCTL","MLY-SNOW-AVGNDS-GE001TI","MLY-SNOW-AVGNDS-GE010TI","MLY-SNOW-AVGNDS-GE030TI","MLY-SNOW-AVGNDS-GE050TI","MLY-SNOW-AVGNDS-GE100TI","MLY-SNOW-NORMAL","MLY-SNWD-AVGNDS-GE001WI","MLY-SNWD-AVGNDS-GE003WI","MLY-SNWD-AVGNDS-GE005WI","MLY-SNWD-AVGNDS-GE010WI","MLY-TAVG-NORMAL","MLY-TAVG-STDDEV","MLY-TMAX-AVGNDS-GRTH040","MLY-TMAX-AVGNDS-GRTH050","MLY-TMAX-AVGNDS-GRTH060","MLY-TMAX-AVGNDS-GRTH070","MLY-TMAX-AVGNDS-GRTH080","MLY-TMAX-AVGNDS-GRTH090","MLY-TMAX-AVGNDS-GRTH100","MLY-TMAX-AVGNDS-LSTH032","MLY-TMAX-NORMAL","MLY-TMAX-STDDEV","MLY-TMIN-AVGNDS-LSTH000","MLY-TMIN-AVGNDS-LSTH010","MLY-TMIN-AVGNDS-LSTH020","MLY-TMIN-AVGNDS-LSTH032","MLY-TMIN-AVGNDS-LSTH040","MLY-TMIN-AVGNDS-LSTH050","MLY-TMIN-AVGNDS-LSTH060","MLY-TMIN-AVGNDS-LSTH070","MLY-TMIN-NORMAL","MLY-TMIN-STDDEV"
"USC00312837","ENKA, NC US","01","19","4","-7777","0","0","0","0","0","24.8",,"206","323","462","614","676","769","924","1.77","2.56","3.94","7.5","5.6","1.9","0.9","3.07",,,,,,,,,,,,,,"35.2",,"233","13.8","46","2","0","0.0","0.0","3.8","47.6",,"0.1","34","114","25.2","301","310","310","310","22.8",
"USC00312837","ENKA, NC US","02","27","9","1","-7777","-7777","0","0","-7777","25.4",,"105","195","317","449","504","588","728","2.13","3.16","4.72","7.5","6.0","2.2","1.1","3.38",,,,,,,,,,,,,,"39.0",,"234","16.7","67","11","1","0.0","0.0","0.7","51.7",,"0.0","2","51","22.1","270","279","280","280","26.3",
"USC00312837","ENKA, NC US","03","119","50","16","9","3","0","0","-7777","26.6",,"34","85","171","292","347","434","586","2.63","3.54","4.30","9.3","6.9","2.6","0.9","3.67",,,,,,,,,,,,,,"46.1",,"299","24.7","158","48","3","0.0","0.0","0.1","59.4",,"0.0","0","10","15.1","245","309","310","310","32.8",
"USC00312837","ENKA, NC US","04","311","188","95","67","36","-7777","0","8","27.0",,"5","17","44","101","133","192","314","1.72","2.98","3.88","8.5","6.0","2.4","0.8","3.06",,,,,,,,,,,,,,"54.8",,"298","28.5","242","139","37","0.0","0.0","0.0","68.3",,"0.0","0","1","3.5","137","256","300","300","41.3",
"USC00312837","ENKA, NC US","05","563","410","266","212","138","9","3","50","24.1",,"-7777","-7777","2","13","21","41","107","2.15","2.77","4.08","9.0","6.5","2.5","0.7","3.33",,,,,,,,,,,,,,"63.2",,"310","31.0","302","243","85","0.1","0.0","0.0","75.2",,"0.0","0","0","0.0","24","135","279","310","51.1",
"USC00312837","ENKA, NC US","06","775","625","476","416","327","66","36","183","22.7",,"0","0","-7777","-7777","-7777","1","8","2.21","3.35","4.74","9.1","7.3","2.6","0.9","3.80",,,,,,,,,,,,,,"70.9",,"300","30.0","299","295","207","1.5","0.0","0.0","82.2",,"0.0","0","0","0.0","0","11","155","299","59.5",
"USC00312837","ENKA, NC US","07","917","762","607","545","453","147","96","298","20.6",,"0","0","0","0","0","0","-7777","2.68","3.46","4.34","10.0","7.6","2.7","0.9","3.68",,,,,,,,,,,,,,"74.6",,"310","31.0","310","310","262","3.3","0.0","0.0","84.9",,"0.0","0","0","0.0","0","0","40","291","64.3",
"USC00312837","ENKA, NC US","08","885","730","575","513","420","119","72","266","21.1",,"0","0","0","0","0","0","1","1.28","3.27","4.88","8.6","5.9","2.0","0.7","3.43",,,,,,,,,,,,,,"73.6",,"310","31.0","310","307","253","4.3","0.0","0.0","84.1",,"0.0","0","0","0.0","0","1","75","301","63.0",
"USC00312837","ENKA, NC US","09","663","513","365","307","223","21","7","100","22.8",,"-7777","-7777","-7777","2","4","10","37","1.69","3.09","5.31","6.4","5.5","2.0","0.9","3.73",,,,,,,,,,,,,,"67.1",,"300","30.0","299","274","125","0.2","0.0","0.0","78.5",,"0.0","0","0","0.0","1","49","231","300","55.7",
"USC00312837","ENKA, NC US","10","370","238","131","96","52","1","-7777","13","25.7",,"2","9","32","80","106","156","272","1.19","1.90","2.92","5.8","4.5","1.6","0.5","2.27",,,,,,,,,,,,,,"56.7",,"310","30.1","270","161","25","0.0","0.0","0.0","69.5",,"0.0","0","0","3.8","118","212","302","310","43.8",
"USC00312837","ENKA, NC US","11","116","49","17","12","6","-7777","0","1","27.4",,"34","83","166","284","338","423","568","2.42","3.01","3.90","7.7","5.8","2.4","0.7","3.14",,,,,,,,,,,,,,"46.1",,"291","24.7","154","44","1","0.0","0.0","0.0","59.8",,"0.0","1","19","16.9","243","287","298","300","32.4",
"USC00312837","ENKA, NC US","12","32","9","2","1","-7777","0","0","0","24.1",,"146","256","389","536","598","690","845","1.48","2.56","3.69","7.8","5.5","2.1","0.7","2.83",,,,,,,,,,,,,,"37.8",,"260","15.0","53","5","0","0.0","0.0","1.0","49.8",,"0.0","6","80","24.7","291","310","310","310","25.7",
"USC00311437","CANTO, NC US","01",,,,,,,,,,,,,,,,,,"2.54","3.65","4.43","9.5","6.8","2.4","0.9","3.72",,,,,,,,,,,,,,,,,,,,,,,,,,,,,,,,,,,
"USC00311437","CANTO, NC US","02",,,,,,,,,,,,,,,,,,"2.41","3.31","4.57","8.6","6.8","2.3","0.5","3.39",,,,,,,,,,,,,,,,,,,,,,,,,,,,,,,,,,,
"USC00311437","CANTO, NC US","03",,,,,,,,,,,,,,,,,,"2.90","3.49","4.70","10.3","7.3","2.7","0.6","3.88",,,,,,,,,,,,,,,,,,,,,,,,,,,,,,,,,,,
"USC00311437","CANTO, NC US","04",,,,,,,,,,,,,,,,,,"2.60","3.04","4.37","10.2","7.0","2.5","0.9","3.35",,,,,,,,,,,,,,,,,,,,,,,,,,,,,,,,,,,
"USC00311437","CANTO, NC US","05",,,,,,,,,,,,,,,,,,"2.54","3.30","4.41","10.2","7.7","2.3","0.7","3.98",,,,,,,,,,,,,,,,,,,,,,,,,,,,,,,,,,,
"USC00311437","CANTO, NC US","06",,,,,,,,,,,,,,,,,,"3.13","3.91","5.17","11.9","8.9","3.4","0.9","4.17",,,,,,,,,,,,,,,,,,,,,,,,,,,,,,,,,,,
"USC00311437","CANTO, NC US","07",,,,,,,,,,,,,,,,,,"3.30","4.57","6.63","12.7","9.2","3.1","0.9","4.97",,,,,,,,,,,,,,,,,,,,,,,,,,,,,,,,,,,
"USC00311437","CANTO, NC US","08",,,,,,,,,,,,,,,,,,"2.35","3.33","5.28","10.2","6.8","2.6","0.9","3.73",,,,,,,,,,,,,,,,,,,,,,,,,,,,,,,,,,,
"USC00311437","CANTO, NC US","09",,,,,,,,,,,,,,,,,,"2.00","3.14","4.24","8.8","6.4","2.4","0.9","3.36",,,,,,,,,,,,,,,,,,,,,,,,,,,,,,,,,,,
"USC00311437","CANTO, NC US","10",,,,,,,,,,,,,,,,,,"1.21","2.09","2.74","7.3","4.5","1.2","0.2","2.21",,,,,,,,,,,,,,,,,,,,,,,,,,,,,,,,,,,
"USC00311437","CANTO, NC US","11",,,,,,,,,,,,,,,,,,"1.59","2.93","3.51","7.8","5.4","1.5","0.5","2.77",,,,,,,,,,,,,,,,,,,,,,,,,,,,,,,,,,,
"USC00311437","CANTO, NC US","12",,,,,,,,,,,,,,,,,,"1.77","2.74","4.28","8.4","6.3","1.8","0.5","3.02",,,,,,,,,,,,,,,,,,,,,,,,,,,,,,,,,,,
"USW00003812","ASHEVILLE AIRPORT, NC US","01","28","8","2","1","-7777","0","0","0","20.7","2.3","163","274","409","558","619","711","866","2.41","3.31","4.44","10.0","6.2","2.5","0.9","3.67","0.0","1.2","4.7","1.9","0.9","0.4","0.2","0.1","4.1","2.9","1.7","0.9","0.2","37.1","3.8","234","12.6","41","2","-7777","0.0","0.0","2.5","47.4","4.0","0.3","14","75","21.9","285","306","310","310","26.7","3.9"
"USW00003812","ASHEVILLE AIRPORT, NC US","02","42","13","3","2","-7777","0","0","0","21.3","2.8","90","172","284","413","468","550","690","2.33","3.51","5.11","9.5","6.2","2.4","1.0","3.76","0.0","0.4","3.2","1.5","0.7","0.2","-7777","0.0","2.2","1.5","0.6","0.1","0.0","40.3","2.7","234","15.6","56","6","-7777","0.0","0.0","0.9","51.0","3.4","-7777","4","35","17.1","248","274","280","280","29.7","2.6"
"USW00003812","ASHEVILLE AIRPORT, NC US","03","142","66","24","14","5","-7777","0","1","23.2","2.3","31","77","156","268","321","405","555","2.83","3.77","4.82","11.0","6.7","2.5","1.0","3.83","0.0","0.1","0.5","0.9","0.4","0.2","0.1","-7777","1.9","0.7","0.4","0.3","0.2","47.1","2.8","295","24.5","145","52","3","0.0","0.0","0.3","58.7","3.4","0.0","1","8","11.2","216","296","310","310","35.5","2.6"
"USW00003812","ASHEVILLE AIRPORT, NC US","04","319","195","99","70","37","-7777","-7777","7","24.9","2.2","2","11","38","92","123","179","300","2.07","3.19","4.05","10.2","6.3","2.5","0.8","3.33","0.0","0.0","0.0","0.3","0.2","0.1","-7777","-7777","0.7","0.2","0.1","0.1","-7777","55.2","2.5","299","28.7","232","132","33","0.0","0.0","-7777","67.7","3.2","0.0","0","0","3.1","117","238","298","300","42.8","2.2"
"USW00003812","ASHEVILLE AIRPORT, NC US","05","561","408","262","209","139","9","3","50","23.4","2.3","-7777","-7777","2","11","20","42","109","1.74","3.10","5.10","11.9","7.3","2.2","0.7","3.66","0.0","0.0","0.0","0.0","0.0","0.0","0.0","0.0","0.0","0.0","0.0","0.0","0.0","63.1","2.5","310","30.9","301","240","76","0.1","0.0","0.0","74.8","2.5","0.0","0","0","0.1","26","126","276","310","51.4","3.0"
"USW00003812","ASHEVILLE AIRPORT, NC US","06","763","613","464","404","316","63","32","177","21.7","2.8","0","0","-7777","-7777","1","3","14","2.64","4.19","6.42","12.7","7.7","3.1","1.2","4.65","0.0","0.0","0.0","0.0","0.0","0.0","0.0","0.0","0.0","0.0","0.0","0.0","0.0","70.5","1.7","300","30.0","299","287","195","1.2","0.0","0.0","81.3","2.6","0.0","0","0","0.0","1","20","138","300","59.6","1.7"
"USW00003812","ASHEVILLE AIRPORT, NC US","07","894","739","584","522","429","129","78","275","20.4","2.4","0","0","0","0","0","0","-7777","2.07","3.73","5.88","12.9","8.1","3.0","0.9","4.31","0.0","0.0","0.0","0.0","0.0","0.0","0.0","0.0","0.0","0.0","0.0","0.0","0.0","73.8","1.6","310","31.0","310","307","251","3.1","0.0","0.0","84.0","2.5","0.0","0","0","0.0","0","1","45","307","63.7","1.4"
"USW00003812","ASHEVILLE AIRPORT, NC US","08","865","710","555","493","400","106","62","247","20.0","2.4","0","0","0","-7777","-7777","-7777","2","2.22","4.16","6.11","12.7","7.4","2.5","1.0","4.40","0.0","0.0","0.0","0.0","0.0","0.0","0.0","0.0","0.0","0.0","0.0","0.0","0.0","72.9","1.8","310","31.0","310","304","230","2.6","-7777","0.0","82.9","2.5","0.0","0","0","0.0","0","4","61","306","62.9","1.8"
"USW00003812","ASHEVILLE AIRPORT, NC US","09","640","491","344","288","208","24","10","95","21.1","3.1","0","-7777","-7777","4","8","18","55","1.57","3.15","5.33","9.5","5.9","2.7","0.9","3.81","0.0","0.0","0.0","0.0","0.0","0.0","0.0","0.0","0.0","0.0","0.0","0.0","0.0","66.3","1.7","300","30.0","297","256","101","0.4","0.0","0.0","76.9","2.3","0.0","0","0","0.0","7","64","200","300","55.8","2.4"
"USW00003812","ASHEVILLE AIRPORT, NC US","10","358","222","115","82","43","1","-7777","10","23.5","3.2","1","6","25","73","102","157","278","1.20","2.96","3.91","8.2","4.5","2.1","0.7","2.91","0.0","0.0","0.0","0.0","0.0","0.0","0.0","0.0","0.0","0.0","0.0","0.0","0.0","56.4","2.8","310","30.5","261","141","12","0.0","0.0","0.0","68.1","2.5","0.0","0","0","2.9","102","213","299","310","44.6","3.8"
"USW00003812","ASHEVILLE AIRPORT, NC US","11","139","65","24","14","6","-7777","0","1","23.0","3.4","25","70","146","255","305","387","532","2.79","3.70","4.59","9.7","6.0","2.4","1.2","3.65","0.0","0.0","0.0","0.2","0.1","0.0","0.0","0.0","0.1","0.0","0.0","0.0","0.0","47.3","3.3","292","24.1","142","42","0","0.0","0.0","0.0","58.8","3.7","0.0","0","6","11.5","210","277","299","300","35.8","3.6"
"USW00003812","ASHEVILLE AIRPORT, NC US","12","47","18","5","3","1","0","0","-7777","20.2","2.6","120","220","347","489","548","639","794","2.35","3.48","4.28","9.7","5.8","2.4","0.9","3.59","0.0","0.0","0.4","1.0","0.4","0.2","0.1","-7777","0.9","1.6","0.8","0.5","0.1","39.4","4.2","247","15.0","51","6","0","0.0","0.0","1.4","49.5","4.9","0.1","6","43","20.3","269","301","310","310","29.3","3.9"
"USC00310724","BENT CREEK, NC US","01","18","5","1","-7777","-7777","0","0","0","22.9","2.9","202","323","465","616","678","770","925","2.31","3.38","5.56","9.1","6.4","2.3","1.2","3.87","0.0","0.2","8.0","0.8","0.7","0.3","0.2","-7777","3.7","2.2","1.5","0.9","0.1","35.2","3.5","230","12.0","33","2","0","0.0","0.0","2.5","46.6","3.8","0.4","33","110","24.2","296","308","310","310","23.7","3.9"
"USC00310724","BENT CREEK, NC US","02","26","8","2","1","-7777","0","0","-7777","24.6","2.8","127","225","347","480","535","619","759","2.47","4.02","4.91","9.1","6.3","2.5","1.2","3.92","0.0","0.0","3.0","0.7","0.5","0.2","0.1","0.0","1.7","1.4","0.4","0.1","0.0","37.9","2.7","227","15.3","53","6","0","0.0","0.0","1.2","50.2","3.2","-7777","12","75","21.5","260","278","280","280","25.6","2.8"
"USC00310724","BENT CREEK, NC US","03","105","44","14","7","2","0","0","-7777","26.6","2.5","48","108","202","327","382","470","623","3.00","4.45","5.99","11.2","7.3","2.8","1.3","4.47","0.0","0.0","0.0","0.3","0.2","0.1","0.1","-7777","1.4","0.6","0.3","0.2","0.1","44.9","2.8","294","24.2","144","42","2","0.0","0.0","0.4","58.2","3.5","-7777","2","31","16.3","252","303","310","310","31.6","2.5"
"USC00310724","BENT CREEK, NC US","04","269","154","72","48","23","-7777","0","4","27.7","2.6","5","20","55","123","159","224","355","2.31","3.61","4.54","10.2","6.9","2.5","1.0","3.66","0.0","0.0","0.0","0.1","0.1","-7777","-7777","-7777","0.5","0.1","0.1","0.1","-7777","53.3","2.3","298","28.4","231","122","29","0.0","0.0","0.0","67.2","3.2","0.0","0","2","6.7","158","264","299","300","39.4","2.0"
"USC00310724","BENT CREEK, NC US","05","529","378","237","186","119","5","1","39","25.6","2.6","-7777","1","4","18","29","56","131","2.25","3.12","4.65","10.4","7.1","2.5","0.9","3.79","0.0","0.0","0.0","0.0","0.0","0.0","0.0","0.0","0.0","0.0","0.0","0.0","0.0","62.1","2.4","310","30.9","301","242","75","0.1","0.0","0.0","74.9","2.4","0.0","0","0","0.7","46","153","289","310","49.2","3.0"
"USC00310724","BENT CREEK, NC US","06","733","583","434","374","287","45","20","150","23.5","3.5","0","0","-7777","-7777","1","4","17","2.69","4.44","5.65","12.7","8.7","3.0","1.2","4.54","0.0","0.0","0.0","0.0","0.0","0.0","0.0","0.0","0.0","0.0","0.0","0.0","0.0","69.4","1.4","300","30.0","300","288","189","1.0","0.0","0.0","81.2","2.5","0.0","0","0","0.0","3","30","174","300","57.7","1.9"
"USC00310724","BENT CREEK, NC US","07","866","711","556","494","401","105","60","247","22.5","2.5","0","0","0","0","0","-7777","1","2.92","4.14","5.59","12.3","8.0","3.4","1.2","4.49","0.0","0.0","0.0","0.0","0.0","0.0","0.0","0.0","0.0","0.0","0.0","0.0","0.0","73.0","1.7","310","31.0","310","307","251","3.8","0.0","0.0","84.2","2.4","0.0","0","0","0.0","0","2","82","309","61.7","1.7"
"USC00310724","BENT CREEK, NC US","08","842","687","532","470","377","88","48","224","22.5","3.0","0","0","0","-7777","-7777","-7777","3","2.36","4.01","5.69","11.5","7.6","2.3","0.8","4.13","0.0","0.0","0.0","0.0","0.0","0.0","0.0","0.0","0.0","0.0","0.0","0.0","0.0","72.2","1.7","310","31.0","310","306","238","3.1","0.0","0.0","83.4","2.8","0.0","0","0","0.0","-7777","9","103","310","60.9","1.7"
"USC00310724","BENT CREEK, NC US","09","606","457","312","258","181","15","6","77","23.3","3.8","0","-7777","1","6","12","25","71","1.58","3.49","6.87","8.2","6.1","2.8","1.1","4.57","0.0","0.0","0.0","0.0","0.0","0.0","0.0","0.0","0.0","0.0","0.0","0.0","0.0","65.2","1.8","300","30.0","298","252","107","0.5","0.0","0.0","76.9","2.8","0.0","0","0","0.1","22","90","230","300","53.5","2.4"
"USC00310724","BENT CREEK, NC US","10","319","191","94","65","32","-7777","-7777","6","25.9","3.3","2","10","37","96","128","189","318","1.72","2.64","3.90","7.1","4.6","1.8","1.0","3.01","0.0","0.0","0.0","0.0","0.0","0.0","0.0","0.0","0.0","0.0","0.0","0.0","0.0","54.9","2.8","310","30.3","259","133","13","0.0","0.0","0.0","67.9","2.6","0.0","0","-7777","6.2","134","236","304","310","42.0","3.8"
"USC00310724","BENT CREEK, NC US","11","111","49","17","11","5","-7777","-7777","1","25.8","4.0","38","93","181","299","353","436","583","2.57","4.08","4.94","9.1","5.8","2.9","1.4","4.03","0.0","0.0","0.0","0.0","0.0","0.0","0.0","0.0","0.0","-7777","0.0","0.0","0.0","45.6","3.1","292","24.1","144","33","0","0.0","0.0","0.1","58.5","3.8","0.0","0","26","15.4","230","283","298","300","32.7","3.7"
"USC00310724","BENT CREEK, NC US","12","35","12","3","1","-7777","0","0","-7777","22.3","2.8","162","274","406","551","612","704","859","2.27","3.36","4.24","9.2","6.1","2.3","0.8","3.54","0.0","0.0","0.0","0.2","0.2","0.1","-7777","0.0","0.7","0.8","0.5","0.1","-7777","37.3","4.3","236","13.9","42","4","0","0.0","0.0","1.7","48.4","5.0","0.2","14","79","23.1","276","305","310","310","26.2","3.9"
"USC00311420","CANDLER 1 W, NC US","01","26","8","1","1","-7777","0","0","0","23.3",,"204","321","459","607","669","761","916","1.81","2.71","3.94","9.8","6.0","2.7","0.9","3.23","0.0","1.0","5.0","1.0","1.0","0.4","0.2","0.0","3.4","3.6","1.3","0.8","0.0","35.4",,"226","12.7","43","4","1","0.0","0.0","3.3","47.1",,"0.2","26","106","24.3","297","308","310","310","23.8",
"USC00311420","CANDLER 1 W, NC US","02","34","10","2","1","-7777","0","0","-7777","24.7",,"114","206","322","454","509","592","732","1.96","3.35","4.31","9.2","6.0","1.9","0.7","3.34","0.0","1.0","3.0","1.1","1.0","0.2","0.1","0.0","1.8","2.6","1.0","0.3","0.0","38.9",,"237","15.8","64","7","0","0.0","0.0","0.9","51.2",,"0.2","10","57","21.3","266","279","280","280","26.5",
"USC00311420","CANDLER 1 W, NC US","03","121","52","18","11","4","0","0","-7777","25.7",,"45","101","187","307","362","449","600","3.10","3.79","4.79","11.4","7.6","2.7","1.0","3.90","0.0","1.0","5.0","0.8","0.8","0.3","0.2","0.1","2.8","1.4","0.6","0.4","0.3","45.7",,"293","24.2","146","45","2","0.0","0.0","0.4","58.5",,"0.0","2","20","15.2","245","303","310","310","32.8",
"USC00311420","CANDLER 1 W, NC US","04","284","170","84","59","31","-7777","0","7","27.1",,"4","18","54","119","154","216","341","2.09","3.47","4.26","10.5","6.6","2.5","0.6","3.28","0.0","0.0","0.0","0.2","0.2","0.2","0.0","0.0","0.5","0.2","0.1","0.0","0.0","53.9",,"299","28.2","234","132","31","0.0","0.0","0.0","67.4",,"0.0","0","0","5.1","153","255","300","300","40.3",
"USC00311420","CANDLER 1 W, NC US","05","532","380","238","187","120","7","2","40","24.9",,"-7777","-7777","3","16","28","54","128","2.17","3.12","4.81","11.4","7.5","2.3","0.6","3.66","0.0","0.0","0.0","0.0","0.0","0.0","0.0","0.0","0.0","0.0","0.0","0.0","0.0","62.2",,"310","31.0","299","234","68","0.1","0.0","0.0","74.6",,"0.0","0","0","0.2","34","145","288","310","49.7",
"USC00311420","CANDLER 1 W, NC US","06","724","574","425","366","280","43","20","146","22.7",,"0","0","-7777","1","2","6","21","3.40","4.20","4.63","14.0","9.2","2.9","0.9","4.16","0.0","0.0","0.0","0.0","0.0","0.0","0.0","0.0","0.0","0.0","0.0","0.0","0.0","69.2",,"300","30.0","299","286","179","0.3","0.0","0.0","80.5",,"0.0","0","0","0.0","1","27","187","300","57.8",
"USC00311420","CANDLER 1 W, NC US","07","861","707","552","490","397","101","56","243","21.4",,"0","0","0","0","0","-7777","1","2.80","3.61","4.96","13.2","7.7","2.4","0.7","3.89","0.0","0.0","0.0","0.0","0.0","0.0","0.0","0.0","0.0","0.0","0.0","0.0","0.0","72.8",,"310","31.0","310","308","252","1.6","0.0","0.0","83.5",,"0.0","0","0","0.0","0","1","83","310","62.1",
"USC00311420","CANDLER 1 W, NC US","08","826","671","516","454","361","76","41","208","21.1",,"0","0","0","0","-7777","-7777","2","1.64","3.03","5.68","11.6","7.5","3.1","0.8","3.99","0.0","0.0","0.0","0.0","0.0","0.0","0.0","0.0","0.0","0.0","0.0","0.0","0.0","71.6",,"310","31.0","310","307","224","1.2","0.0","0.0","82.2",,"0.0","0","0","0.0","0","6","111","306","61.1",
"USC00311420","CANDLER 1 W, NC US","09","621","471","325","269","190","15","4","80","22.6",,"-7777","-7777","1","4","8","19","59","1.83","3.08","4.19","9.9","6.6","2.5","0.9","3.96","0.0","0.0","0.0","0.0","0.0","0.0","0.0","0.0","0.0","0.0","0.0","0.0","0.0","65.7",,"300","30.0","299","258","98","0.1","0.0","0.0","77.0",,"0.0","0","0","0.0","10","74","236","300","54.4",
"USC00311420","CANDLER 1 W, NC US","10","328","197","95","64","31","-7777","-7777","6","25.7",,"2","10","35","88","119","178","308","1.34","1.91","2.81","8.7","4.7","1.2","0.5","2.22","0.0","0.0","0.0","0.0","0.0","0.0","0.0","0.0","0.0","0.0","0.0","0.0","0.0","55.3",,"310","30.4","260","142","9","0.0","0.0","0.0","68.1",,"0.0","0","0","4.7","134","235","304","310","42.4",
"USC00311420","CANDLER 1 W, NC US","11","130","62","23","14","6","-7777","0","1","25.9",,"36","86","168","280","331","413","558","1.83","3.16","4.20","8.7","5.5","2.1","0.7","3.25","0.0","0.0","0.0","0.2","0.2","0.0","0.0","0.0","0.3","0.3","0.0","0.0","0.0","46.5",,"292","24.2","155","46","1","0.0","0.0","0.1","59.4",,"0.0","0","12","15.0","236","286","298","300","33.5",
"USC00311420","CANDLER 1 W, NC US","12","38","13","3","1","-7777","0","0","0","23.5",,"156","265","396","541","601","693","848","1.91","2.82","3.74","9.4","6.0","1.9","0.5","2.96","0.0","0.6","4.0","0.8","0.7","0.4","0.1","0.1","2.7","2.8","1.6","1.0","0.3","37.7",,"245","14.4","51","9","0","0.0","0.0","1.3","49.4",,"0.0","12","82","23.9","287","309","310","310","25.9",
"USC00313106","FLETCHER 3 W, NC US","01","23","7","1","1","-7777","0","0","0","21.8","2.5","192","308","447","596","658","750","905","2.52","3.85","5.33","9.2","6.3","3.1","1.2","4.19","0.0","3.0","5.0","1.1","1.0","0.6","0.2","-7777","3.8","1.9","1.1","0.7","0.1","35.8","3.7","226","11.9","39","3","-7777","0.0","0.0","2.9","46.7","3.9","0.3","21","96","23.6","294","307","310","310","24.9","3.9"
"USC00313106","FLETCHER 3 W, NC US","02","33","10","2","1","-7777","0","0","0","22.2","3.0","109","201","318","450","505","588","728","2.50","4.11","5.05","9.2","6.7","2.8","1.2","4.09","0.0","1.2","3.1","1.2","0.8","0.3","-7777","0.0","1.9","0.9","0.1","0.0","0.0","39.0","2.7","222","14.8","51","5","-7777","0.0","0.0","1.2","50.1","3.4","0.1","5","44","19.6","257","278","280","280","27.9","2.7"
"USC00313106","FLETCHER 3 W, NC US","03","125","55","18","11","4","0","0","-7777","23.7","2.4","44","98","184","302","356","443","594","3.14","4.36","5.25","10.5","7.1","2.9","1.2","4.39","0.0","0.0","0.5","0.6","0.3","0.2","0.1","-7777","1.6","0.7","0.4","0.3","0.2","45.9","3.1","289","23.4","138","43","3","0.0","0.0","0.3","57.7","3.7","0.0","1","11","13.3","235","303","310","310","34.0","2.8"
"USC00313106","FLETCHER 3 W, NC US","04","293","175","86","60","31","-7777","-7777","6","25.2","2.7","5","19","51","112","146","207","331","2.40","3.49","4.47","10.5","7.1","2.2","1.2","3.64","0.0","0.0","0.0","0.2","0.2","0.1","-7777","0.0","0.5","0.2","0.1","0.1","-7777","54.1","2.7","297","27.9","223","125","29","0.0","0.0","-7777","66.7","3.4","0.0","0","0","3.6","133","253","298","300","41.6","2.5"
"USC00313106","FLETCHER 3 W, NC US","05","542","390","249","199","132","8","3","49","23.7","2.2","-7777","1","4","18","30","56","128","2.03","3.54","5.50","12.2","8.0","2.5","0.9","4.07","0.0","0.0","0.0","0.0","0.0","0.0","0.0","0.0","0.0","0.0","0.0","0.0","0.0","62.4","2.5","310","30.9","295","229","75","0.2","0.0","0.0","74.3","2.5","0.0","0","0","0.3","33","133","277","310","50.6","3.0"
"USC00313106","FLETCHER 3 W, NC US","06","747","597","448","389","302","57","29","165","22.2","2.8","0","0","-7777","1","2","5","18","2.86","4.50","7.11","12.7","8.2","3.2","1.6","5.08","0.0","0.0","0.0","0.0","0.0","0.0","0.0","0.0","0.0","0.0","0.0","0.0","0.0","69.9","1.7","300","30.0","299","283","182","1.3","0.0","0.0","81.0","2.7","0.0","0","0","0.0","1","24","154","300","58.8","1.7"
"USC00313106","FLETCHER 3 W, NC US","07","876","721","566","504","411","116","70","257","21.1","3.0","0","0","0","0","0","0","2","3.08","3.86","6.32","12.6","8.7","3.1","1.2","4.78","0.0","0.0","0.0","0.0","0.0","0.0","0.0","0.0","0.0","0.0","0.0","0.0","0.0","73.3","1.9","310","31.0","310","303","239","3.6","0.0","0.0","83.8","3.2","0.0","0","0","0.0","0","1","63","309","62.7","1.4"
"USC00313106","FLETCHER 3 W, NC US","08","854","699","544","482","389","99","57","237","21.1","2.6","0","0","0","-7777","-7777","-7777","3","2.89","4.79","6.65","12.4","8.3","2.9","1.3","5.00","0.0","0.0","0.0","0.0","0.0","0.0","0.0","0.0","0.0","0.0","0.0","0.0","0.0","72.6","1.7","310","31.0","310","305","232","3.5","0.0","0.0","83.1","2.7","0.0","0","0","0.0","0","6","84","307","62.0","1.5"
"USC00313106","FLETCHER 3 W, NC US","09","625","476","332","276","198","21","8","89","22.4","3.1","0","-7777","1","6","11","23","64","1.83","3.58","6.08","10.2","6.6","2.8","1.2","4.33","0.0","0.0","0.0","0.0","0.0","0.0","0.0","0.0","0.0","0.0","0.0","0.0","0.0","65.8","1.7","300","30.0","296","255","107","0.4","0.0","0.0","77.0","2.3","0.0","0","0","0.0","12","79","214","300","54.7","2.3"
"USC00313106","FLETCHER 3 W, NC US","10","332","202","102","72","38","1","-7777","8","25.3","3.3","2","11","36","91","123","182","307","1.40","3.29","4.06","8.2","5.4","2.3","0.9","3.17","0.0","0.0","0.0","0.0","0.0","0.0","0.0","0.0","0.0","0.0","0.0","0.0","0.0","55.4","2.9","310","30.3","253","137","15","0.0","0.0","0.0","68.0","2.5","0.0","0","0","4.5","125","235","304","310","42.7","4.0"
"USC00313106","FLETCHER 3 W, NC US","11","125","57","20","11","4","0","0","1","24.4","3.4","32","82","164","276","328","411","557","2.65","3.70","5.03","9.2","6.5","2.4","1.1","3.83","0.0","0.0","0.0","0.0","0.0","0.0","0.0","0.0","0.0","0.0","0.0","0.0","0.0","46.4","3.2","289","23.6","147","40","2","0.0","0.0","0.0","58.6","3.7","0.0","0","10","13.3","225","281","299","300","34.3","3.6"
"USC00313106","FLETCHER 3 W, NC US","12","39","14","3","1","-7777","0","0","0","21.3","2.7","146","251","381","526","586","678","832","2.72","3.96","5.18","9.6","6.8","2.9","1.2","4.07","0.0","0.0","2.0","0.5","0.4","0.2","0.1","-7777","1.7","0.6","0.2","0.1","0.0","38.2","4.3","241","14.5","51","5","0","0.0","0.0","1.9","48.8","4.9","0.2","7","68","22.1","276","303","310","310","27.5","4.1"
"USW00053878","ASHEVILLE 13 S, NC US","01","18","4","1","-7777","-7777","0","0","0","22.5",,"187","305","446","597","659","752","907",,,,,,,,"4.02",,,,,,,,,,,,,,"35.8",,"228","12.9","37","4","0","0.0","0.0","3.4","47.0",,"0.0","24","94","24.8","298","309","310","310","24.5",
"USW00053878","ASHEVILLE 13 S, NC US","02","24","7","2","1","-7777","0","0","0","23.2",,"98","195","318","452","508","591","731",,,,,,,,"4.20",,,,,,,,,,,,,,"38.9",,"235","14.9","51","1","0","0.0","0.0","0.6","50.5",,"0.0","2","37","21.2","271","280","280","280","27.3",
"USW00053878","ASHEVILLE 13 S, NC US","03","98","38","9","4","1","0","0","-7777","24.4",,"36","95","190","316","373","463","617",,,,,,,,"4.27",,,,,,,,,,,,,,"45.1",,"296","23.9","126","29","0","0.0","0.0","0.2","57.3",,"0.0","0","14","14.8","244","308","310","310","32.9",
"USW00053878","ASHEVILLE 13 S, NC US","04","262","143","60","37","15","0","0","1","26.0",,"4","16","47","114","151","219","355",,,,,,,,"3.50",,,,,,,,,,,,,,"53.2",,"300","28.4","231","119","14","0.0","0.0","0.0","66.2",,"0.0","0","3","3.8","144","269","300","300","40.2",
"USW00053878","ASHEVILLE 13 S, NC US","05","515","362","221","169","101","3","-7777","27","23.0",,"-7777","-7777","3","16","27","52","133",,,,,,,,"3.87",,,,,,,,,,,,,,"61.6",,"310","31.0","299","221","38","0.0","0.0","0.0","73.1",,"0.0","0","0","0.2","31","148","289","310","50.1",
"USW00053878","ASHEVILLE 13 S, NC US","06","708","558","408","348","260","30","11","123","21.4",,"0","0","0","-7777","-7777","2","15",,,,,,,,"5.15",,,,,,,,,,,,,,"68.6",,"300","30.0","300","286","148","0.0","0.0","0.0","79.3",,"0.0","0","0","0.0","0","20","188","299","57.9",
"USW00053878","ASHEVILLE 13 S, NC US","07","851","696","541","479","386","88","45","231","19.9",,"0","0","0","0","0","0","-7777",,,,,,,,"4.75",,,,,,,,,,,,,,"72.5",,"310","31.0","310","309","222","1.1","0.0","0.0","82.4",,"0.0","0","0","0.0","0","1","71","308","62.5",
"USW00053878","ASHEVILLE 13 S, NC US","08","818","663","508","446","353","66","32","200","20.6",,"0","0","0","0","0","0","1",,,,,,,,"4.42",,,,,,,,,,,,,,"71.4",,"310","31.0","310","308","203","1.5","0.0","0.0","81.7",,"0.0","0","0","0.0","0","1","111","309","61.1",
"USW00053878","ASHEVILLE 13 S, NC US","09","604","455","309","253","174","8","2","64","21.3",,"0","-7777","1","4","9","20","60",,,,,,,,"4.02",,,,,,,,,,,,,,"65.2",,"300","30.0","297","248","80","0.0","0.0","0.0","75.8",,"0.0","0","0","0.0","9","70","234","300","54.5",
"USW00053878","ASHEVILLE 13 S, NC US","10","321","191","89","60","29","-7777","-7777","5","24.8",,"1","8","32","86","118","181","312",,,,,,,,"3.09",,,,,,,,,,,,,,"55.1",,"310","30.4","262","124","8","0.0","0.0","0.0","67.5",,"0.0","0","0","4.2","119","234","301","310","42.7",
"USW00053878","ASHEVILLE 13 S, NC US","11","108","44","15","9","4","0","0","1","24.9",,"28","79","166","287","341","426","572",,,,,,,,"3.71",,,,,,,,,,,,,,"46.0",,"293","24.1","134","28","0","0.0","0.0","0.0","58.4",,"0.0","0","10","14.7","242","283","297","300","33.5",
"USW00053878","ASHEVILLE 13 S, NC US","12","31","10","2","1","-7777","0","0","0","21.7",,"145","258","393","540","601","693","848",,,,,,,,"3.94",,,,,,,,,,,,,,"37.7",,"251","12.7","35","6","0","0.0","0.0","0.9","48.5",,"0.0","4","66","23.6","288","309","310","310","26.8",
"USW00053877","ASHEVILLE 8 SSW, NC US","01","16","3","-7777","-7777","0","0","0","0","23.6",,"199","319","462","614","676","769","924",,,,,,,,"3.49",,,,,,,,,,,,,,"35.2",,"230","12.9","40","4","0","0.0","0.0","3.4","47.0",,"0.0","30","110","25.7","300","310","310","310","23.4",
"USW00053877","ASHEVILLE 8 SSW, NC US","02","22","6","1","1","-7777","0","0","0","24.2",,"104","204","328","463","518","602","742",,,,,,,,"3.45",,,,,,,,,,,,,,"38.5",,"233","14.9","51","3","0","0.0","0.0","0.4","50.6",,"0.0","3","48","22.2","272","280","280","280","26.4",
"USW00053877","ASHEVILLE 8 SSW, NC US","03","99","39","10","4","1","0","0","-7777","26.4",,"38","99","194","320","376","466","620",,,,,,,,"4.09",,,,,,,,,,,,,,"45.0",,"298","24.7","140","36","0","0.0","0.0","0.0","58.2",,"0.0","2","19","16.8","251","307","310","310","31.8",
"USW00053877","ASHEVILLE 8 SSW, NC US","04","268","150","66","43","19","-7777","0","2","27.2",,"4","16","48","114","151","217","350",,,,,,,,"3.61",,,,,,,,,,,,,,"53.4",,"299","28.4","235","133","21","0.0","0.0","0.0","67.0",,"0.0","0","3","5.1","155","271","299","300","39.8",
"USW00053877","ASHEVILLE 8 SSW, NC US","05","506","354","214","163","96","2","-7777","24","25.4",,"-7777","-7777","4","19","30","55","139",,,,,,,,"3.86",,,,,,,,,,,,,,"61.3",,"310","31.0","296","234","51","0.0","0.0","0.0","74.0",,"0.0","0","0","0.9","44","166","299","310","48.6",
"USW00053877","ASHEVILLE 8 SSW, NC US","06","687","537","387","327","240","24","9","107","22.6",,"0","0","-7777","-7777","-7777","3","20",,,,,,,,"5.04",,,,,,,,,,,,,,"67.9",,"300","30.0","300","287","137","0.0","0.0","0.0","79.2",,"0.0","0","0","0.0","0","41","214","299","56.6",
"USW00053877","ASHEVILLE 8 SSW, NC US","07","817","662","507","445","352","66","30","198","21.9",,"0","0","0","0","0","-7777","1",,,,,,,,"5.38",,,,,,,,,,,,,,"71.4",,"310","31.0","310","309","230","0.8","0.0","0.0","82.3",,"0.0","0","0","0.0","0","5","133","310","60.4",
"USW00053877","ASHEVILLE 8 SSW, NC US","08","787","632","477","415","323","51","24","172","22.0",,"0","0","0","0","0","-7777","4",,,,,,,,"4.41",,,,,,,,,,,,,,"70.4",,"310","31.0","310","304","201","1.2","0.0","0.0","81.4",,"0.0","0","0","0.0","0","11","178","310","59.4",
"USW00053877","ASHEVILLE 8 SSW, NC US","09","576","427","283","229","155","5","1","54","22.8",,"-7777","-7777","1","7","13","29","78",,,,,,,,"3.97",,,,,,,,,,,,,,"64.2",,"300","30.0","295","243","77","0.0","0.0","0.0","75.6",,"0.0","0","0","0.2","16","89","251","300","52.8",
"USW00053877","ASHEVILLE 8 SSW, NC US","10","300","174","79","53","26","-7777","0","4","26.9",,"2","10","39","100","135","201","335",,,,,,,,"2.85",,,,,,,,,,,,,,"54.4",,"310","30.4","265","131","10","0.0","0.0","0.0","67.8",,"0.0","0","2","6.7","146","254","304","310","40.9",
"USW00053877","ASHEVILLE 8 SSW, NC US","11","101","42","15","9","5","0","0","1","26.4",,"34","89","180","303","357","442","589",,,,,,,,"4.34",,,,,,,,,,,,,,"45.4",,"293","24.5","134","32","0","0.0","0.0","0.0","58.6",,"0.0","1","19","16.9","250","284","296","300","32.2",
"USW00053877","ASHEVILLE 8 SSW, NC US","12","28","8","1","-7777","-7777","0","0","0","22.8",,"161","275","410","559","620","713","868",,,,,,,,"3.65",,,,,,,,,,,,,,"37.0",,"248","13.0","37","8","0","0.0","0.0","1.4","48.4",,"0.0","9","77","23.7","288","310","310","310","25.6",
"USC00316236","NORTH FORK 2, NC US","01",,,,,,,,,,,,,,,,,,"2.50","3.67","4.79","10.4","6.3","2.7","0.9","3.88",,,,,,,,,,,,,,,,,,,,,,,,,,,,,,,,,,,
"USC00316236","NORTH FORK 2, NC US","02",,,,,,,,,,,,,,,,,,"2.82","3.93","4.94","9.9","7.3","2.7","1.1","4.06",,,,,,,,,,,,,,,,,,,,,,,,,,,,,,,,,,,
"USC00316236","NORTH FORK 2, NC US","03",,,,,,,,,,,,,,,,,,"3.32","4.31","5.40","11.0","8.1","2.9","1.0","4.43",,,,,,,,,,,,,,,,,,,,,,,,,,,,,,,,,,,
"USC00316236","NORTH FORK 2, NC US","04",,,,,,,,,,,,,,,,,,"2.89","3.67","4.91","10.9","7.6","2.5","0.9","3.90",,,,,,,,,,,,,,,,,,,,,,,,,,,,,,,,,,,
"USC00316236","NORTH FORK 2, NC US","05",,,,,,,,,,,,,,,,,,"2.97","3.80","5.34","12.4","9.0","2.7","0.7","4.27",,,,,,,,,,,,,,,,,,,,,,,,,,,,,,,,,,,
"USC00316236","NORTH FORK 2, NC US","06",,,,,,,,,,,,,,,,,,"2.92","4.59","5.91","12.5","9.2","3.1","1.0","4.51",,,,,,,,,,,,,,,,,,,,,,,,,,,,,,,,,,,
"USC00316236","NORTH FORK 2, NC US","07",,,,,,,,,,,,,,,,,,"2.84","4.03","6.10","13.1","9.0","2.8","0.9","4.56",,,,,,,,,,,,,,,,,,,,,,,,,,,,,,,,,,,
"USC00316236","NORTH FORK 2, NC US","08",,,,,,,,,,,,,,,,,,"2.80","3.71","6.07","12.2","8.4","2.5","1.2","4.20",,,,,,,,,,,,,,,,,,,,,,,,,,,,,,,,,,,
"USC00316236","NORTH FORK 2, NC US","09",,,,,,,,,,,,,,,,,,"1.91","3.57","5.63","9.5","6.5","2.8","1.3","4.51",,,,,,,,,,,,,,,,,,,,,,,,,,,,,,,,,,,
"USC00316236","NORTH FORK 2, NC US","10",,,,,,,,,,,,,,,,,,"1.42","3.09","3.69","8.4","5.6","2.2","0.8","2.92",,,,,,,,,,,,,,,,,,,,,,,,,,,,,,,,,,,
"USC00316236","NORTH FORK 2, NC US","11",,,,,,,,,,,,,,,,,,"2.44","3.67","4.59","9.2","6.4","2.4","0.7","3.58",,,,,,,,,,,,,,,,,,,,,,,,,,,,,,,,,,,
"USC00316236","NORTH FORK 2, NC US","12",,,,,,,,,,,,,,,,,,"2.70","3.71","4.77","10.5","7.4","2.5","0.9","3.75",,,,,,,,,,,,,,,,,,,,,,,,,,,,,,,,,,,
"USW00013872","ASHEVILLE, NC US","01","34","11","3","1","-7777","0","0","-7777","18.9","1.9","170","278","409","556","616","709","863","1.77","2.41","4.14","10.7","5.9","1.9","0.5","2.89","0.7","2.7","5.9","3.8","1.1","0.4","0.1","-7777","4.2","2.9","1.1","0.7","-7777","37.2","3.9","224","12.0","33","3","0","0.0","0.0","3.3","46.6","4.1","0.3","14","69","20.3","275","305","310","310","27.7","3.8"
"USW00013872","ASHEVILLE, NC US","02","51","19","5","3","1","0","0","-7777","19.4","2.4","95","174","282","408","462","544","683","2.07","3.23","4.44","10.5","6.3","1.9","0.7","3.22","0.4","2.1","4.5","3.1","1.0","0.2","0.0","0.0","2.7","2.0","0.3","0.0","0.0","40.6","2.9","227","15.0","55","6","0","0.0","0.0","1.3","50.3","3.6","-7777","5","33","15.7","237","272","280","280","30.9","2.7"
"USW00013872","ASHEVILLE, NC US","03","165","85","35","23","11","-7777","-7777","2","20.8","2.0","37","84","159","264","314","395","541","2.30","3.39","4.24","11.1","6.5","2.0","0.7","3.36","0.1","0.6","3.8","1.6","0.5","0.3","0.1","-7777","2.2","0.9","0.5","0.3","0.2","47.6","3.1","289","23.9","140","48","4","0.0","0.0","0.4","58.0","3.7","0.0","1","9","9.5","194","280","308","310","37.2","2.8"
"USW00013872","ASHEVILLE, NC US","04","353","229","128","96","57","2","1","16","22.3","1.8","4","15","42","90","118","169","279","1.77","3.06","3.98","10.2","6.2","2.3","0.5","3.04","0.0","0.0","0.8","0.6","0.2","0.1","-7777","-7777","1.1","0.3","0.1","0.1","0.1","56.2","2.9","298","28.0","226","129","38","0.0","0.0","0.1","67.4","3.4","0.0","0","0","2.2","84","206","292","300","45.1","2.6"
"USW00013872","ASHEVILLE, NC US","05","591","438","292","238","165","15","6","68","21.9","2.1","-7777","1","2","11","20","39","98","2.29","2.80","3.93","11.8","6.9","1.9","0.6","3.25","0.0","0.0","0.0","-7777","0.0","0.0","0.0","0.0","-7777","0.0","0.0","0.0","0.0","64.1","2.8","310","30.8","297","233","90","0.3","0.0","0.0","75.0","3.0","0.0","0","0","-7777","11","99","258","310","53.1","2.9"
"USW00013872","ASHEVILLE, NC US","06","790","640","491","431","343","83","47","202","20.7","2.2","0","0","0","-7777","1","3","12","2.50","3.17","4.02","12.1","7.6","2.3","0.5","3.40","0.0","0.0","0.0","0.0","0.0","0.0","0.0","0.0","0.0","0.0","0.0","0.0","0.0","71.4","1.8","300","30.0","299","286","198","1.8","0.0","0.0","81.7","2.4","0.0","0","0","0.0","0","10","103","299","61.0","1.7"
"USW00013872","ASHEVILLE, NC US","07","919","764","609","547","454","151","98","299","20.3","1.9","0","0","0","0","0","-7777","-7777","1.98","3.32","4.42","12.8","7.8","1.9","0.6","3.33","0.0","0.0","0.0","0.0","0.0","0.0","0.0","0.0","0.0","0.0","0.0","0.0","0.0","74.7","1.6","310","31.0","310","307","260","4.4","0.0","0.0","84.8","2.3","0.0","0","0","0.0","0","0","31","305","64.5","1.4"
"USW00013872","ASHEVILLE, NC US","08","891","736","581","519","426","129","81","273","19.9","2.1","0","0","0","0","-7777","-7777","1","1.63","3.45","4.82","11.2","6.7","2.2","0.6","3.44","0.0","0.0","0.0","0.0","0.0","0.0","0.0","0.0","0.0","0.0","0.0","0.0","0.0","73.7","1.9","310","31.0","310","304","240","3.8","0.0","0.0","83.7","2.6","0.0","0","0","0.0","0","2","41","302","63.8","1.7"
"USW00013872","ASHEVILLE, NC US","09","660","510","364","307","227","32","15","110","20.2","2.4","-7777","-7777","-7777","4","7","17","50","1.50","2.68","3.79","8.3","5.4","2.0","0.9","3.24","0.0","0.0","0.0","0.0","0.0","0.0","0.0","0.0","0.0","0.0","0.0","0.0","0.0","67.0","1.9","300","30.0","297","251","113","0.4","0.0","0.0","77.1","2.3","0.0","0","0","0.0","5","50","185","300","56.9","2.2"
"USW00013872","ASHEVILLE, NC US","10","381","244","132","96","54","2","1","14","21.8","2.7","1","7","25","68","95","146","260","1.04","1.99","2.77","7.7","4.3","1.3","0.3","2.14","0.0","0.0","0.0","0.1","0.0","0.0","0.0","0.0","-7777","0.0","0.0","0.0","0.0","57.1","2.9","309","30.1","257","138","15","0.0","0.0","0.0","67.9","2.7","0.0","0","0","1.7","85","202","294","310","46.2","3.6"
"USW00013872","ASHEVILLE, NC US","11","158","79","31","20","8","-7777","0","1","20.8","2.8","26","68","139","241","290","368","511","2.24","2.93","3.88","9.0","5.2","1.9","0.7","2.93","0.0","0.0","0.3","0.6","0.1","0.1","0.0","0.0","0.4","0.2","0.0","0.0","0.0","48.0","3.3","288","23.5","141","39","-7777","0.0","0.0","0.1","58.4","3.8","0.0","0","3","9.0","187","268","297","300","37.6","3.4"
"USW00013872","ASHEVILLE, NC US","12","56","24","8","4","1","0","0","-7777","18.5","2.5","126","222","344","484","542","632","786","1.56","2.82","3.39","10.1","5.8","1.9","0.6","2.75","0.3","0.9","3.7","2.9","0.8","0.2","0.1","-7777","2.6","1.9","0.7","0.3","0.1","39.6","4.7","239","14.8","50","8","0","0.0","0.0","1.9","48.9","5.2","0.1","7","41","18.7","261","297","309","310","30.4","4.5"
